{
  // Use IntelliSense to learn about possible attributes.
  // Hover to view descriptions of existing attributes.
  // For more information, visit: https://go.microsoft.com/fwlink/?linkid=830387
  "version": "0.2.0",
  "configurations": [
  {
  "type": "node",
  "request": "launch",
  "name": "Launch Program",
  "program": "${workspaceFolder}/server.js",
  "skipFiles": ["<node_internals>/**"]
  },
  {
  "type": "chrome",
  "request": "launch",
  "name": "Launch Chrome against localhost",
  "url": "http://localhost:8080",
  "webRoot": "${workspaceFolder}"
  }
  ]
  }
